Gender,Age,HeadCircumference,ShoulderWidth,ChestWidth,Belly,Waist,Hips,ArmLength,ShoulderToWaist,WaistToKnee,LegLength,TotalHeight,Shoulder_Hip_Ratio,Waist_Hip_Ratio,BodyType
1.0,30,22,18,20,18,14,22,22,25,25,22,52,0.8181818181818182,0.6363636363636364,Triangle
1.0,28,19,22,17,18,21,25,28,23,25,20,56,0.88,0.84,Triangle
2.0,27,21,18,16,14,10,15,21,18,14,18,53,1.2,0.6666666666666666,Inverted Triangle
1.0,29,20,20,18,11,19,14,24,21,20,21,45,1.4285714285714286,1.3571428571428572,Inverted Triangle
2.0,28,16,14,18,13,11,30,25,22,32,13,47,0.4666666666666667,0.36666666666666664,Triangle
2.0,22,17,19,18,14,16,18,20,24,21,19,60,1.0555555555555556,0.8888888888888888,Inverted Triangle
2.0,18,25,17,16,17,12,28,23,25,14,18,49,0.6071428571428571,0.42857142857142855,Triangle
2.0,26,18,15,19,17,23,27,19,19,19,19,58,0.5555555555555556,0.8518518518518519,Triangle
1.0,23,16,16,20,18,22,18,15,26,20,19,40,0.8888888888888888,1.2222222222222223,Triangle
1.0,31,15,20,28,18,91,17,16,21,21,19,55,1.1764705882352942,5.352941176470588,Inverted Triangle
1.0,29,16,28,17,15,21,30,17,25,18,17,50,0.9333333333333333,0.7,Hourglass
1.0,35,23,21,18,12,18,27,18,17,19,20,49,0.7777777777777778,0.6666666666666666,Triangle
2.0,29,21,19,17,17,20,21,20,20,18,22,59,0.9047619047619048,0.9523809523809523,Triangle
1.0,30,19,17,18,18,24,28,23,22,17,24,47,0.6071428571428571,0.8571428571428571,Triangle
2.0,20,24,21,17,16,18,19,19,27,17,19,51,1.105263157894737,0.9473684210526315,Inverted Triangle
2.0,27,19,15,20,11,20,18,19,28,17,18,57,0.8333333333333334,1.1111111111111112,Triangle
2.0,24,16,20,16,9,25,22,19,19,25,15,60,0.9090909090909091,1.1363636363636365,Triangle
1.0,30,21,18,21,12,19,21,15,20,21,20,59,0.8571428571428571,0.9047619047619048,Triangle
1.0,35,20,16,28,18,17,23,16,27,23,9,48,0.6956521739130435,0.7391304347826086,Triangle
1.0,29,18,15,18,15,18,24,20,25,17,13,42,0.625,0.75,Triangle
1.0,35,25,18,18,15,19,19,23,19,18,21,49,0.9473684210526315,1.0,Triangle
2.0,29,80,19,16,17,20,20,24,22,19,20,44,0.95,1.0,Rectangle
2.0,27,21,21,16,18,22,30,15,20,25,9,45,0.7,0.7333333333333333,Triangle
1.0,26,16,22,17,14,24,19,22,18,21,13,54,1.1578947368421053,1.263157894736842,Inverted Triangle
2.0,24,15,19,17,15,16,20,18,26,21,21,57,0.95,0.8,Rectangle
1.0,20,16,16,18,17,15,21,19,19,21,20,60,0.7619047619047619,0.7142857142857143,Triangle
1.0,30,20,17,17,19,18,23,15,17,21,18,57,0.7391304347826086,0.782608695652174,Triangle
1.0,35,17,18,18,10,17,24,20,28,20,21,58,0.75,0.7083333333333334,Triangle
1.0,31,19,15,20,14,22,21,25,27,23,19,45,0.7142857142857143,1.0476190476190477,Triangle
1.0,20,28,14,20,18,19,30,24,25,20,20,51,0.4666666666666667,0.6333333333333333,Triangle
1.0,24,29,20,18,17,18,35,20,20,16,30,31,0.5714285714285714,0.5142857142857142,Triangle
2.0,27,17,22,16,12,18,30,17,27,11,31,30,0.7333333333333333,0.6,Triangle
1.0,29,19,20,20,14,18,21,20,28,12,21,33,0.9523809523809523,0.8571428571428571,Rectangle
1.0,27,24,19,16,15,19,21,17,24,12,28,60,0.9047619047619048,0.9047619047619048,Triangle
2.0,18,15,21,16,15,20,21,18,17,12,39,45,1.0,0.9523809523809523,Rectangle
2.0,19,14,22,18,17,13,20,19,18,13,27,47,1.1,0.65,Hourglass
2.0,20,19,19,18,18,11,23,20,19,14,28,48,0.8260869565217391,0.4782608695652174,Triangle
2.0,24,17,21,19,18,11,24,19,20,18,22,40,0.875,0.4583333333333333,Triangle
1.0,22,18,16,16,19,12,28,19,21,18,21,48,0.5714285714285714,0.42857142857142855,Triangle
1.0,24,20,17,17,19,13,20,19,16,17,20,48,0.85,0.65,Triangle
2.0,25,22,17,17,12,13,28,18,19,17,27,60,0.6071428571428571,0.4642857142857143,Triangle
1.0,21,23,17,17,12,18,20,20,18,18,17,55,0.85,0.9,Triangle
1.0,25,22,17,22,10,18,21,23,17,16,18,51,0.8095238095238095,0.8571428571428571,Triangle
1.0,22,20,18,22,11,14,23,22,17,18,19,52,0.782608695652174,0.6086956521739131,Triangle
2.0,21,19,20,20,11,14,19,20,17,18,30,53,1.0526315789473684,0.7368421052631579,Hourglass
2.0,19,19,20,21,13,14,18,21,18,17,20,59,1.1111111111111112,0.7777777777777778,Inverted Triangle
2.0,17,19,21,20,13,13,19,20,18,18,28,50,1.105263157894737,0.6842105263157895,Hourglass
1.0,18,27,16,16,14,15,18,19,19,20,27,50,0.8888888888888888,0.8333333333333334,Triangle
1.0,25,26,16,14,19,16,19,19,20,21,21,39,0.8421052631578947,0.8421052631578947,Triangle
2.0,30,26,14,15,18,17,20,18,20,17,21,57,0.7,0.85,Triangle
2.0,29,19,19,10,16,20,19,21,17,18,22,44,1.0,1.0526315789473684,Rectangle
2.0,28,20,18,16,18,21,30,21,17,18,23,47,0.6,0.7,Triangle
1.0,30,22,15,16,16,21,19,18,18,17,23,57,0.7894736842105263,1.105263157894737,Triangle
1.0,25,19,21,16,19,23,18,19,26,19,14,58,1.1666666666666667,1.2777777777777777,Inverted Triangle
1.0,30,18,20,17,14,20,17,19,27,16,18,59,1.1764705882352942,1.1764705882352942,Inverted Triangle
2.0,18,17,21,18,16,20,17,20,26,17,17,51,1.2352941176470589,1.1764705882352942,Inverted Triangle
2.0,19,17,18,20,19,15,17,20,17,14,19,59,1.0588235294117647,0.8823529411764706,Inverted Triangle
1.0,28,20,20,18,19,11,18,17,15,11,20,52,1.1111111111111112,0.6111111111111112,Hourglass
2.0,17,21,19,14,13,15,16,17,21,22,38,60,1.1875,0.9375,Inverted Triangle
1.0,6,17,9,8,8,10,10,11,8,17,19,25,0.9,1.0,Triangle
1.0,8,19,15,13,9,15,15,21,24,17,31,50,1.0,1.0,Rectangle
1.0,24,21,17,11,8,20,9,25,21,18,37,60,1.8888888888888888,2.2222222222222223,Inverted Triangle
2.0,54,26,18,13,11,23,16,23,27,22,46,72,1.125,1.4375,Inverted Triangle
1.0,16,16,13,17,13,19,16,17,18,18,37,34,0.8125,1.1875,Triangle
2.0,24,24,21,15,12,16,17,24,21,19,34,38,1.2352941176470589,0.9411764705882353,Inverted Triangle
1.0,15,19,15,7,8,13,15,17,20,21,37,51,1.0,0.8666666666666667,Rectangle
1.0,4,18,13,15,12,15,15,16,19,13,26,43,0.8666666666666667,1.0,Triangle
1.0,21,22,16,16,8,9,11,14,20,21,30,50,1.4545454545454546,0.8181818181818182,Inverted Triangle
1.0,38,20,17,21,14,13,16,22,27,21,41,47,1.0625,0.8125,Inverted Triangle
1.0,49,23,16,14,11,14,14,20,22,23,33,52,1.1428571428571428,1.0,Inverted Triangle
2.0,22,24,18,21,19,21,23,23,27,21,28,59,0.782608695652174,0.9130434782608695,Triangle
1.0,3,15,7,7,6,7,10,10,11,8,17,23,0.7,0.7,Triangle
1.0,12,19,16,15,13,20,16,24,39,21,42,62,1.0,1.25,Rectangle
2.0,18,22,18,18,15,17,20,21,26,22,19,38,0.9,0.85,Triangle
1.0,37,25,19,17,22,17,22,19,27,20,27,47,0.8636363636363636,0.7727272727272727,Triangle
1.0,21,17,14,17,15,19,16,22,25,21,41,50,0.875,1.1875,Triangle
1.0,16,23,15,13,10,13,13,20,22,16,30,56,1.1538461538461537,1.0,Inverted Triangle
1.0,19,20,18,11,9,20,14,21,9,19,41,55,1.2857142857142858,1.4285714285714286,Inverted Triangle
2.0,32,16,7,8,8,7,8,10,24,8,18,24,0.875,0.875,Triangle
2.0,3,21,19,10,10,22,10,23,24,19,37,60,1.9,2.2,Inverted Triangle
1.0,42,24,15,13,9,10,16,21,10,20,36,61,0.9375,0.625,Hourglass
1.0,2,15,7,11,8,7,15,7,22,7,16,24,0.4666666666666667,0.4666666666666667,Triangle
1.0,50,20,18,7,8,10,23,19,20,24,34,38,0.782608695652174,0.43478260869565216,Triangle
1.0,37,21,19,12,16,18,14,26,23,26,29,37,1.3571428571428572,1.2857142857142858,Inverted Triangle
1.0,20,24,13,18,21,21,24,25,19,19,49,75,0.5416666666666666,0.875,Triangle
2.0,7,17,11,15,12,13,16,15,22,13,26,40,0.6875,0.8125,Triangle
1.0,17,19,10,15,13,15,17,21,22,19,33,47,0.5882352941176471,0.8823529411764706,Triangle
1.0,24,20,18,12,11,22,13,22,25,20,40,57,1.3846153846153846,1.6923076923076923,Inverted Triangle
1.0,3,16,8,7,7,8,9,9,10,9,18,23,0.8888888888888888,0.8888888888888888,Triangle
1.0,34,20,18,10,9,21,10,24,22,19,38,59,1.8,2.1,Inverted Triangle
2.0,24,22,16,12,10,11,14,23,25,19,38,60,1.1428571428571428,0.7857142857142857,Inverted Triangle
1.0,21,18,14,9,9,10,11,20,23,15,30,53,1.2727272727272727,0.9090909090909091,Inverted Triangle
1.0,6,20,18,12,11,13,11,22,25,20,40,61,1.6363636363636365,1.1818181818181819,Inverted Triangle
1.0,31,16,14,12,10,13,19,15,20,11,22,33,0.7368421052631579,0.6842105263157895,Triangle
1.0,4,20,16,12,10,14,14,20,25,18,32,51,1.1428571428571428,1.0,Inverted Triangle
1.0,7,26,19,14,12,23,16,24,28,23,46,73,1.1875,1.4375,Inverted Triangle
1.0,54,20,17,14,13,14,15,22,26,21,42,62,1.1333333333333333,0.9333333333333333,Inverted Triangle
1.0,19,20,16,8,9,14,16,18,21,22,38,52,1.0,0.875,Rectangle
2.0,15,23,16,14,11,14,14,21,23,17,33,56,1.1428571428571428,1.0,Inverted Triangle
1.0,24,22,17,12,13,22,12,23,27,20,46,62,1.4166666666666667,1.8333333333333333,Inverted Triangle
1.0,32,20,17,18,9,16,8,23,13,20,30,40,2.125,2.0,Inverted Triangle
1.0,16,16,8,12,8,7,10,11,11,8,17,23,0.8,0.7,Hourglass
2.0,2,20,19,13,12,16,17,7,27,19,39,43,1.1176470588235294,0.9411764705882353,Inverted Triangle
1.0,28,22,19,20,18,20,23,24,27,19,39,38,0.8260869565217391,0.8695652173913043,Triangle
1.0,22,20,13,10,8,10,12,23,19,20,34,75,1.0833333333333333,0.8333333333333334,Inverted Triangle
1.0,8,23,20,16,15,14,16,13,27,23,45,53,1.25,0.875,Inverted Triangle
1.0,36,23,16,11,10,14,14,25,25,20,39,53,1.1428571428571428,1.0,Inverted Triangle
2.0,21,23,16,21,14,20,17,22,22,21,30,43,0.9411764705882353,1.1764705882352942,Triangle
1.0,32,17,14,18,14,20,17,20,19,19,39,34,0.8235294117647058,1.1764705882352942,Triangle
1.0,16,21,18,18,14,18,19,18,26,22,40,46,0.9473684210526315,0.9473684210526315,Triangle
1.0,17,19,12,17,13,16,18,23,23,20,38,42,0.6666666666666666,0.8888888888888888,Triangle
1.0,18,23,20,14,13,17,16,20,28,20,40,48,1.25,1.0625,Inverted Triangle
1.0,24,22,17,22,13,22,19,23,20,20,27,47,0.8947368421052632,1.1578947368421053,Triangle
1.0,32,25,19,23,18,23,20,22,23,23,29,56,0.95,1.15,Rectangle
1.0,42,24,18,21,20,22,24,26,28,18,38,59,0.75,0.9166666666666666,Triangle
1.0,4,18,12,14,13,14,15,16,18,14,25,42,0.8,0.9333333333333333,Triangle
2.0,19,19,18,15,213,14,17,16,20,23,36,60,1.0588235294117647,0.8235294117647058,Inverted Triangle
1.0,20,18,19,16,12,15,16,15,18,25,38,59,1.1875,0.9375,Inverted Triangle
1.0,21,16,22,20,23,14,19,16,17,26,29,62,1.1578947368421053,0.7368421052631579,Inverted Triangle
1.0,17,17,17,21,15,13,11,14,18,27,34,41,1.5454545454545454,1.1818181818181819,Inverted Triangle
1.0,16,22,16,10,17,10,13,22,17,21,34,57,1.2307692307692308,0.7692307692307693,Inverted Triangle
2.0,24,21,14,9,10,17,20,16,18,20,37,49,0.7,0.85,Triangle
2.0,18,17,19,8,11,14,19,14,20,21,30,63,1.0,0.7368421052631579,Hourglass
1.0,37,19,20,13,18,18,18,16,21,19,23,49,1.1111111111111112,1.0,Inverted Triangle
2.0,50,16,23,18,12,50,14,22,12,18,29,44,1.6428571428571428,3.5714285714285716,Inverted Triangle
2.0,42,14,10,12,9,49,17,20,25,17,13,54,0.5882352941176471,2.8823529411764706,Triangle
1.0,40,12,14,11,18,36,17,21,23,16,27,64,0.8235294117647058,2.1176470588235294,Triangle
1.0,35,15,19,16,10,26,16,19,24,22,28,69,1.1875,1.625,Inverted Triangle
1.0,29,13,18,17,23,19,13,20,21,19,30,67,1.3846153846153846,1.4615384615384615,Inverted Triangle
1.0,55,18,17,15,24,60,14,14,20,23,29,57,1.2142857142857142,4.285714285714286,Inverted Triangle
2.0,25,22,14,11,14,10,19,15,19,21,31,68,0.7368421052631579,0.5263157894736842,Triangle
2.0,33,25,16,12,13,20,13,21,17,20,29,69,1.2307692307692308,1.5384615384615385,Inverted Triangle
1.0,39,16,15,14,14,21,19,15,17,22,24,48,0.7894736842105263,1.105263157894737,Triangle
1.0,17,23,20,10,9,18,20,16,16,19,20,58,1.0,0.9,Rectangle
1.0,22,15,19,11,16,19,21,12,18,18,21,60,0.9047619047619048,0.9047619047619048,Triangle
1.0,25,13,22,14,12,20,22,21,19,19,22,57,1.0,0.9090909090909091,Rectangle
1.0,32,11,11,19,14,21,21,15,21,22,30,48,0.5238095238095238,1.0,Triangle
2.0,39,24,10,11,18,21,19,20,23,20,29,49,0.5263157894736842,1.105263157894737,Triangle
1.0,49,16,10,16,20,10,14,16,21,21,25,54,0.7142857142857143,0.7142857142857143,Triangle
2.0,26,13,14,13,11,17,17,19,20,30,30,47,0.8235294117647058,1.0,Triangle
2.0,44,10,16,10,19,31,16,20,19,20,29,66,1.0,1.9375,Rectangle
1.0,25,9,17,7,10,29,14,17,18,18,19,49,1.2142857142857142,2.0714285714285716,Inverted Triangle
1.0,15,14,18,9,9,12,15,19,20,21,20,54,1.2,0.8,Inverted Triangle
2.0,50,21,19,10,20,52,36,40,36,30,29,47,0.5277777777777778,1.4444444444444444,Triangle
2.0,42,21,12,11,19,40,44,41,33,29,30,40,0.2727272727272727,0.9090909090909091,Triangle
1.0,20,22,18,17,15,14,15,24,22,21,21,55,1.2,0.9333333333333333,Inverted Triangle
1.0,31,18,19,20,15,21,22,22,19,20,13,52,0.8636363636363636,0.9545454545454546,Triangle
1.0,19,17,14,16,9,9,14,23,25,13,20,32,1.0,0.6428571428571429,Hourglass
2.0,24,19,20,21,10,10,30,18,15,19,9,35,0.6666666666666666,0.3333333333333333,Triangle
2.0,27,23,16,17,12,11,18,15,21,20,15,56,0.8888888888888888,0.6111111111111112,Hourglass
2.0,29,25,18,19,14,12,19,19,22,25,20,50,0.9473684210526315,0.631578947368421,Hourglass
2.0,30,20,20,18,16,16,20,25,23,15,18,45,1.0,0.8,Rectangle
1.0,31,16,18,18,18,23,18,23,22,20,18,45,1.0,1.2777777777777777,Rectangle
2.0,28,16,19,16,12,24,17,24,24,14,19,51,1.1176470588235294,1.411764705882353,Inverted Triangle
1.0,23,18,17,18,11,19,14,20,26,21,24,48,1.2142857142857142,1.3571428571428572,Inverted Triangle
2.0,29,15,20,19,16,21,18,19,20,22,22,43,1.1111111111111112,1.1666666666666667,Inverted Triangle
1.0,35,17,18,20,15,18,19,21,21,14,23,52,0.9473684210526315,0.9473684210526315,Triangle
1.0,18,25,18,21,17,20,20,23,25,23,26,39,0.9,1.0,Triangle
1.0,20,23,22,20,12,21,21,24,22,22,27,45,1.0476190476190477,1.0,Rectangle
1.0,35,19,18,18,19,18,22,17,19,20,21,48,0.8181818181818182,0.8181818181818182,Triangle
1.0,32,18,16,20,16,20,18,22,20,19,19,31,0.8888888888888888,1.1111111111111112,Triangle
1.0,31,20,21,18,17,21,19,18,18,18,19,60,1.105263157894737,1.105263157894737,Inverted Triangle
2.0,20,21,18,19,14,18,17,19,17,17,19,50,1.0588235294117647,1.0588235294117647,Inverted Triangle
2.0,19,24,21,20,10,18,20,20,14,24,16,49,1.05,0.9,Rectangle
1.0,18,19,18,16,19,19,21,23,23,22,20,33,0.8571428571428571,0.9047619047619048,Triangle
2.0,24,20,21,18,15,29,22,24,28,21,22,39,0.9545454545454546,1.3181818181818181,Rectangle
2.0,22,20,19,19,14,22,20,23,27,20,21,47,0.95,1.1,Rectangle
1.0,21,24,20,18,13,14,18,21,19,20,20,53,1.1111111111111112,0.7777777777777778,Inverted Triangle
2.0,26,17,16,18,10,17,17,17,20,18,19,41,0.9411764705882353,1.0,Triangle
1.0,18,18,15,17,11,16,15,20,21,16,21,52,1.0,1.0666666666666667,Rectangle
1.0,27,19,16,17,13,19,14,25,25,19,20,48,1.1428571428571428,1.3571428571428572,Inverted Triangle
1.0,29,21,20,18,12,20,20,19,20,20,19,51,1.0,1.0,Rectangle
1.0,30,21,18,18,12,19,19,20,22,21,18,40,0.9473684210526315,1.0,Triangle
1.0,20,20,21,20,17,20,18,24,19,22,21,55,1.1666666666666667,1.1111111111111112,Inverted Triangle
1.0,5,18,13,14,13,13,12,12,16,9,19,30,1.0833333333333333,1.0833333333333333,Inverted Triangle
2.0,25,22,17,20,16,20,20,20,20,19,30,50,0.85,1.0,Triangle
2.0,3,19,10,14,15,8,7,7,12,6,16,20,1.4285714285714286,1.1428571428571428,Inverted Triangle
2.0,7,21,14,15,21,14,12,12,16,11,25,30,1.1666666666666667,1.1666666666666667,Inverted Triangle
1.0,50,24,21,19,13,27,30,20,21,19,30,50,0.7,0.9,Triangle
1.0,16,19,16,16,21,15,16,20,20,20,40,52,1.0,0.9375,Rectangle
1.0,5,22,12,11,14,6,8,11,11,18,16,31,1.5,0.75,Inverted Triangle
1.0,20,17,18,16,11,20,20,20,21,16,32,52,0.9,1.0,Triangle
1.0,4,21,10,12,16,8,7,66,7,8,17,21,1.4285714285714286,1.1428571428571428,Inverted Triangle
1.0,23,22,15,9,8,20,10,66,20,15,31,51,1.5,2.0,Inverted Triangle
1.0,17,18,16,8,7,7,11,21,21,16,32,52,1.4545454545454546,0.6363636363636364,Inverted Triangle
1.0,13,16,16,7,9,10,14,22,20,17,31,40,1.1428571428571428,0.7142857142857143,Hourglass
2.0,18,19,17,10,6,9,11,19,22,12,27,46,1.5454545454545454,0.8181818181818182,Inverted Triangle
2.0,2,21,6,6,7,11,7,16,7,8,17,21,0.8571428571428571,1.5714285714285714,Triangle
2.0,3,23,11,8,5,9,7,7,11,7,17,30,1.5714285714285714,1.2857142857142858,Inverted Triangle
2.0,7,21,13,10,6,7,12,8,21,10,25,36,1.0833333333333333,0.5833333333333334,Hourglass
2.0,14,22,16,7,9,9,10,20,20,10,30,43,1.6,0.9,Inverted Triangle
1.0,20,19,17,7,11,10,10,21,18,16,36,46,1.7,1.0,Inverted Triangle
1.0,31,24,17,10,9,11,10,22,18,20,40,46,1.7,1.1,Inverted Triangle
1.0,12,21,16,9,6,11,10,17,23,17,32,56,1.6,1.1,Inverted Triangle
1.0,6,22,10,8,9,10,10,21,21,13,23,41,1.0,1.0,Rectangle
1.0,3,18,19,10,10,6,12,21,20,12,30,35,1.5833333333333333,0.5,Inverted Triangle
1.0,27,25,20,11,11,10,14,20,21,19,34,40,1.4285714285714286,0.7142857142857143,Inverted Triangle
1.0,26,23,17,12,12,11,12,20,16,17,30,52,1.4166666666666667,0.9166666666666666,Inverted Triangle
1.0,36,21,15,13,11,7,13,21,17,20,42,42,1.1538461538461537,0.5384615384615384,Hourglass
1.0,31,21,16,11,10,6,11,22,20,19,39,70,1.4545454545454546,0.5454545454545454,Inverted Triangle
1.0,25,23,18,13,11,10,14,20,20,14,30,56,1.2857142857142858,0.7142857142857143,Inverted Triangle
1.0,4,19,13,16,15,14,15,14,19,10,21,32,0.8666666666666667,0.9333333333333333,Triangle
1.0,27,21,18,21,19,21,22,24,22,20,40,57,0.8181818181818182,0.9545454545454546,Triangle
1.0,2,18,9,10,9,9,10,9,15,9,18,23,0.9,0.9,Triangle
1.0,9,20,15,15,16,15,16,16,19,13,26,35,0.9375,0.9375,Triangle
1.0,60,23,22,20,23,30,34,24,25,20,40,55,0.6470588235294118,0.8823529411764706,Triangle
2.0,18,24,17,18,15,16,18,22,22,21,42,57,0.9444444444444444,0.8888888888888888,Triangle
2.0,4,18,14,12,10,9,10,12,12,9,18,32,1.4,0.9,Inverted Triangle
1.0,22,27,17,20,18,21,22,23,22,19,39,55,0.7727272727272727,0.9545454545454546,Triangle
2.0,2,18,9,13,9,9,10,8,10,9,18,23,0.9,0.9,Triangle
1.0,24,20,10,10,9,21,11,23,21,19,38,53,0.9090909090909091,1.9090909090909092,Triangle
1.0,19,21,17,9,10,9,12,24,22,20,40,56,1.4166666666666667,0.75,Inverted Triangle
1.0,15,19,17,8,8,11,15,20,20,20,40,50,1.1333333333333333,0.7333333333333333,Hourglass
2.0,19,21,18,11,9,10,13,20,23,15,30,48,1.3846153846153846,0.7692307692307693,Inverted Triangle
2.0,3,17,8,7,7,10,9,9,10,9,18,23,0.8888888888888888,1.1111111111111112,Triangle
1.0,4,19,12,9,8,11,9,10,12,10,20,32,1.3333333333333333,1.2222222222222223,Inverted Triangle
1.0,8,20,12,11,9,8,13,19,21,15,30,40,0.9230769230769231,0.6153846153846154,Hourglass
1.0,16,22,17,9,9,10,12,21,23,18,32,47,1.4166666666666667,0.8333333333333334,Inverted Triangle
1.0,21,24,18,10,10,13,13,22,24,19,38,50,1.3846153846153846,1.0,Inverted Triangle
1.0,32,23,18,11,12,12,12,24,26,21,42,60,1.5,1.0,Inverted Triangle
1.0,14,20,17,10,10,11,12,21,24,19,38,43,1.4166666666666667,0.9166666666666666,Inverted Triangle
1.0,7,20,16,10,8,12,12,18,20,14,28,38,1.3333333333333333,1.0,Inverted Triangle
1.0,4,18,10,11,10,10,10,20,21,16,32,41,1.0,1.0,Rectangle
1.0,29,22,18,12,11,12,15,23,26,21,42,54,1.2,0.8,Inverted Triangle
1.0,28,20,18,14,12,10,16,23,25,20,40,46,1.125,0.625,Hourglass
1.0,35,22,19,15,14,14,15,24,26,22,44,72,1.2666666666666666,0.9333333333333333,Inverted Triangle
1.0,30,22,18,12,13,15,15,23,25,21,42,64,1.2,1.0,Inverted Triangle
2.0,24,24,17,15,12,13,15,22,24,16,32,57,1.1333333333333333,0.8666666666666667,Inverted Triangle
1.0,30,23,18,12,29,32,16,22,20,21,20,64,1.125,2.0,Inverted Triangle
2.0,3,18,11,10,22,37,23,13,10,10,17,22,0.4782608695652174,1.608695652173913,Triangle
1.0,20,22,18,16,30,37,28,25,19,22,40,46,0.6428571428571429,1.3214285714285714,Triangle
1.0,34,23,20,17,34,41,24,25,18,22,40,59,0.8333333333333334,1.7083333333333333,Triangle
1.0,35,24,21,18,37,28,24,23,17,23,39,57,0.875,1.1666666666666667,Triangle
1.0,12,20,14,12,27,33,27,18,14,14,29,57,0.5185185185185185,1.2222222222222223,Triangle
1.0,30,23,18,15,29,26,20,23,22,22,41,64,0.9,1.3,Triangle
1.0,15,20,14,11,23,23,15,19,17,14,30,50,0.9333333333333333,1.5333333333333334,Triangle
1.0,18,19,18,15,28,34,28,25,24,23,39,80,0.6428571428571429,1.2142857142857142,Triangle
1.0,17,21,16,13,28,25,28,22,20,18,36,79,0.5714285714285714,0.8928571428571429,Triangle
1.0,10,21,14,9,25,42,26,17,17,18,26,71,0.5384615384615384,1.6153846153846154,Triangle
1.0,25,27,20,17,37,42,28,23,20,17,37,60,0.7142857142857143,1.5,Triangle
1.0,32,25,19,16,37,36,8,23,23,20,38,24,2.375,4.5,Inverted Triangle
1.0,34,22,19,17,32,38,24,24,25,19,36,59,0.7916666666666666,1.5833333333333333,Triangle
1.0,37,24,20,18,36,38,37,23,20,23,39,68,0.5405405405405406,1.027027027027027,Triangle
2.0,1,11,6,16,13,13,14,9,9,9,13,21,0.42857142857142855,0.9285714285714286,Triangle
1.0,1,12,5,17,12,13,15,9,9,7,13,20,0.3333333333333333,0.8666666666666667,Triangle
2.0,3,11,6,15,13,12,14,9,10,8,13,22,0.42857142857142855,0.8571428571428571,Triangle
1.0,4,13,5,18,14,14,17,10,9,8,14,23,0.29411764705882354,0.8235294117647058,Triangle
1.0,3,18,8,20,20,22,20,8,12,8,15,24,0.4,1.1,Triangle
2.0,2,11,87,15,13,12,14,9,9,6,13,19,6.214285714285714,0.8571428571428571,Inverted Triangle
2.0,1,12,7,16,13,12,15,10,10,8,12,20,0.4666666666666667,0.8,Triangle
1.0,4,22,11,22,20,21,22,7,14,13,24,27,0.5,0.9545454545454546,Triangle
2.0,3,20,10,20,20,21,22,8,14,13,23,24,0.45454545454545453,0.9545454545454546,Triangle
2.0,4,22,11,21,20,23,24,10,10,13,22,25,0.4583333333333333,0.9583333333333334,Triangle
1.0,5,22,15,20,19,18,20,19,22,12,16,45,0.75,0.9,Triangle
2.0,6,20,14,19,17,16,18,18,20,12,26,43,0.7777777777777778,0.8888888888888888,Triangle
2.0,7,21,15,19,17,16,18,18,21,12,37,45,0.8333333333333334,0.8888888888888888,Triangle
1.0,8,20,13,26,23,26,27,10,19,19,31,52,0.48148148148148145,0.9629629629629629,Triangle
2.0,9,23,15,26,21,20,22,13,19,18,32,55,0.6818181818181818,0.9090909090909091,Triangle
1.0,10,24,16,27,24,23,24,17,19,20,33,50,0.6666666666666666,0.9583333333333334,Triangle
2.0,11,25,16,27,28,25,28,21,22,45,49,59,0.5714285714285714,0.8928571428571429,Triangle
2.0,12,26,14,28,24,25,27,22,23,26,40,60,0.5185185185185185,0.9259259259259259,Triangle
1.0,13,28,19,27,23,24,27,21,23,26,40,62,0.7037037037037037,0.8888888888888888,Triangle
2.0,19,29,19,31,28,28,28,30,26,30,46,68,0.6785714285714286,1.0,Triangle
1.0,20,26,17,28,21,26,28,27,26,29,40,67,0.6071428571428571,0.9285714285714286,Triangle
1.0,21,28,18,28,23,25,27,21,27,29,43,69,0.6666666666666666,0.9259259259259259,Triangle
2.0,22,20,28,19,28,22,26,28,27,26,40,68,1.0769230769230769,0.8461538461538461,Inverted Triangle
2.0,23,20,18,28,23,25,26,25,28,28,41,69,0.6923076923076923,0.9615384615384616,Triangle
1.0,24,28,18,28,23,24,26,28,27,27,42,72,0.6923076923076923,0.9230769230769231,Triangle
2.0,25,26,20,37,28,26,27,28,28,27,42,74,0.7407407407407407,0.9629629629629629,Triangle
1.0,26,26,20,38,27,28,27,27,26,25,40,85,0.7407407407407407,1.037037037037037,Triangle
1.0,27,28,20,31,30,32,38,30,28,27,41,86,0.5263157894736842,0.8421052631578947,Triangle
2.0,20,29,20,32,28,32,32,28,29,29,42,89,0.625,1.0,Triangle
1.0,1,11,6,15,13,12,14,9,9,6,13,19,0.42857142857142855,0.8571428571428571,Triangle
2.0,1,11,5,16,13,13,15,9,9,6,13,20,0.3333333333333333,0.8666666666666667,Triangle
1.0,4,20,9,22,21,21,20,7,14,13,22,38,0.45,1.05,Triangle
2.0,4,22,11,23,22,24,24,8,17,15,26,44,0.4583333333333333,1.0,Triangle
1.0,1,19,9,21,20,22,20,6,13,9,16,31,0.45,1.1,Triangle
1.0,3,18,9,22,21,22,20,7,13,9,16,20,0.45,1.1,Triangle
1.0,3,18,8,20,20,22,20,8,12,8,15,24,0.4,1.1,Triangle
2.0,1,12,7,16,13,12,14,10,10,9,13,25,0.5,0.8571428571428571,Triangle
2.0,3,20,10,20,21,23,21,11,10,9,17,19,0.47619047619047616,1.0952380952380953,Triangle
2.0,4,22,11,22,20,21,22,7,14,13,23,27,0.5,0.9545454545454546,Triangle
1.0,5,20,14,18,17,16,18,18,20,12,26,43,0.7777777777777778,0.8888888888888888,Triangle
2.0,6,22,15,19,18,19,15,20,20,13,28,51,1.0,1.2666666666666666,Rectangle
2.0,7,24,16,19,20,20,22,20,21,14,29,56,0.7272727272727273,0.9090909090909091,Triangle
1.0,8,24,15,20,22,21,20,21,22,16,30,61,0.75,1.05,Triangle
1.0,9,24,16,22,20,23,22,22,22,17,30,61,0.7272727272727273,1.0454545454545454,Triangle
2.0,10,22,13,26,23,27,26,20,16,19,31,71,0.5,1.0384615384615385,Triangle
1.0,11,24,16,28,24,24,25,23,28,21,38,72,0.64,0.96,Triangle
2.0,12,25,15,17,25,24,26,22,26,20,37,71,0.5769230769230769,0.9230769230769231,Triangle
2.0,13,25,16,27,25,24,28,24,26,20,38,73,0.5714285714285714,0.8571428571428571,Triangle
1.0,15,26,17,28,24,24,25,23,25,21,39,78,0.68,0.96,Triangle
1.0,17,28,18,29,28,27,28,25,27,24,40,79,0.6428571428571429,0.9642857142857143,Triangle
2.0,17,26,18,29,28,28,29,26,30,25,40,79,0.6206896551724138,0.9655172413793104,Triangle
1.0,18,26,19,28,28,27,28,29,29,27,41,80,0.6785714285714286,0.9642857142857143,Triangle
2.0,18,28,19,28,28,27,28,29,29,27,41,82,0.6785714285714286,0.9642857142857143,Triangle
1.0,20,29,19,28,26,28,28,29,28,28,40,82,0.6785714285714286,1.0,Triangle
2.0,20,28,19,29,27,27,28,27,26,28,41,87,0.6785714285714286,0.9642857142857143,Triangle
1.0,21,26,17,38,27,28,27,27,26,25,40,85,0.6296296296296297,1.037037037037037,Triangle
2.0,21,25,18,32,28,31,31,28,27,26,41,86,0.5806451612903226,1.0,Triangle
1.0,21,26,20,31,30,32,26,29,28,29,42,89,0.7692307692307693,1.2307692307692308,Triangle
1.0,1,11,6,15,13,12,14,9,9,6,13,20,0.42857142857142855,0.8571428571428571,Triangle
2.0,1,11,5,16,13,13,15,9,9,7,13,21,0.3333333333333333,0.8666666666666667,Triangle
1.0,1,12,5,17,12,13,15,10,9,8,13,22,0.3333333333333333,0.8666666666666667,Triangle
1.0,1,13,5,17,13,14,16,10,9,8,14,23,0.3125,0.875,Triangle
2.0,1,14,5,18,14,14,17,10,9,8,15,24,0.29411764705882354,0.8235294117647058,Triangle
2.0,5,20,14,19,17,16,18,18,20,12,26,43,0.7777777777777778,0.8888888888888888,Triangle
1.0,5,21,15,20,18,16,18,18,21,12,27,44,0.8333333333333334,0.8888888888888888,Triangle
1.0,5,22,15,20,19,18,20,19,22,12,26,45,0.75,0.9,Triangle
1.0,10,22,12,25,22,26,24,7,15,4,32,51,0.5,1.0833333333333333,Triangle
2.0,10,22,12,25,23,27,26,8,16,14,32,52,0.46153846153846156,1.0384615384615385,Triangle
2.0,10,20,13,26,23,26,27,10,19,19,31,52,0.48148148148148145,0.9629629629629629,Triangle
1.0,9,21,14,26,21,23,29,11,18,18,32,53,0.4827586206896552,0.7931034482758621,Triangle
1.0,11,23,15,26,21,20,22,13,19,19,32,54,0.6818181818181818,0.9090909090909091,Triangle
2.0,11,24,16,27,24,23,24,17,19,20,33,55,0.6666666666666666,0.9583333333333334,Triangle
1.0,11,24,16,28,27,26,28,19,20,21,34,56,0.5714285714285714,0.9285714285714286,Triangle
1.0,12,26,17,28,26,25,27,20,21,22,36,57,0.6296296296296297,0.9259259259259259,Triangle
1.0,12,26,16,27,28,25,28,21,22,24,28,59,0.5714285714285714,0.8928571428571429,Triangle
2.0,12,26,18,28,28,25,27,21,22,25,39,59,0.6666666666666666,0.9259259259259259,Triangle
1.0,13,28,18,27,22,25,27,21,23,26,40,62,0.6666666666666666,0.9259259259259259,Triangle
1.0,14,26,18,28,23,25,27,21,23,26,40,63,0.6666666666666666,0.9259259259259259,Triangle
2.0,19,26,18,30,25,26,29,28,26,28,41,65,0.6206896551724138,0.896551724137931,Triangle
1.0,17,27,18,30,26,26,29,29,26,28,41,56,0.6206896551724138,0.896551724137931,Triangle
1.0,19,28,26,31,28,28,29,30,26,29,42,68,0.896551724137931,0.9655172413793104,Triangle
2.0,18,29,19,32,28,27,29,31,26,30,42,67,0.6551724137931034,0.9310344827586207,Triangle
1.0,19,29,20,31,26,26,29,30,27,30,42,69,0.6896551724137931,0.896551724137931,Triangle
1.0,19,28,18,28,23,25,27,21,26,29,40,68,0.6666666666666666,0.9259259259259259,Triangle
2.0,20,26,17,28,21,26,28,27,26,29,40,69,0.6071428571428571,0.9285714285714286,Triangle
1.0,20,28,18,28,22,25,26,25,27,28,21,68,0.6923076923076923,0.9615384615384616,Triangle
1.0,22,26,20,27,28,26,28,27,28,28,42,72,0.7142857142857143,0.9285714285714286,Triangle
1.0,2,18,9,8,19,18,20,9,10,8,14,31,0.45,0.9,Triangle
2.0,2,19,9,9,20,19,21,20,11,9,16,35,0.42857142857142855,0.9047619047619048,Triangle
1.0,3,11,8,11,19,12,11,16,10,9,18,32,0.7272727272727273,1.0909090909090908,Triangle
2.0,4,18,8,10,7,16,10,20,12,10,20,35,0.8,1.6,Triangle
2.0,4,20,10,10,20,20,20,13,13,11,22,38,0.5,1.0,Triangle
1.0,4,19,10,10,20,20,20,13,13,10,11,38,0.5,1.0,Triangle
2.0,4,20,11,11,22,22,22,16,12,12,22,39,0.5,1.0,Triangle
1.0,4,20,11,10,20,20,21,18,10,12,19,37,0.5238095238095238,0.9523809523809523,Triangle
1.0,4,20,11,11,22,22,22,16,12,12,22,39,0.5,1.0,Triangle
1.0,5,20,10,9,22,23,24,14,15,11,22,42,0.4166666666666667,0.9583333333333334,Triangle
1.0,6,21,9,9,20,20,20,14,11,9,17,37,0.45,1.0,Triangle
2.0,6,21,10,6,19,20,19,12,19,9,17,38,0.5263157894736842,1.0526315789473684,Triangle
2.0,6,20,9,10,22,21,20,12,18,12,18,39,0.45,1.05,Triangle
1.0,8,18,18,9,19,12,9,14,11,13,21,42,2.0,1.3333333333333333,Inverted Triangle
2.0,11,19,13,11,20,22,11,18,14,9,32,50,1.1818181818181819,2.0,Inverted Triangle
1.0,12,21,11,9,20,22,10,17,19,19,32,50,1.1,2.2,Inverted Triangle
2.0,15,22,17,15,37,38,42,19,22,18,35,59,0.40476190476190477,0.9047619047619048,Triangle
1.0,18,20,19,17,44,42,46,28,19,26,37,66,0.41304347826086957,0.9130434782608695,Triangle
1.0,14,22,14,16,34,20,38,24,19,19,35,64,0.3684210526315789,0.5263157894736842,Triangle
2.0,20,21,18,19,34,37,39,22,17,15,33,59,0.46153846153846156,0.9487179487179487,Triangle
1.0,29,23,21,19,42,38,44,28,22,18,37,66,0.4772727272727273,0.8636363636363636,Triangle
1.0,37,22,17,14,33,33,37,25,24,23,41,68,0.4594594594594595,0.8918918918918919,Triangle
2.0,49,24,19,17,46,48,63,20,24,15,34,60,0.30158730158730157,0.7619047619047619,Triangle
2.0,52,22,16,17,41,14,45,19,16,17,33,60,0.35555555555555557,0.3111111111111111,Triangle
2.0,23,22,18,16,45,47,62,19,21,17,33,62,0.2903225806451613,0.7580645161290323,Triangle
1.0,40,22,18,14,45,45,46,25,27,22,39,70,0.391304347826087,0.9782608695652174,Triangle
1.0,51,23,19,15,37,36,39,24,22,20,36,65,0.48717948717948717,0.9230769230769231,Triangle
1.0,65,22,18,16,36,39,41,24,31,25,39,68,0.43902439024390244,0.9512195121951219,Triangle
1.0,62,24,21,20,47,45,44,23,30,23,38,67,0.4772727272727273,1.0227272727272727,Triangle
1.0,65,22,18,16,36,39,41,24,31,25,39,68,0.43902439024390244,0.9512195121951219,Triangle
1.0,46,22,21,18,45,43,45,22,32,23,36,64,0.4666666666666667,0.9555555555555556,Triangle
1.0,65,23,17,16,40,39,40,25,30,24,37,64,0.425,0.975,Triangle
1.0,44,25,19,17,42,44,44,24,26,27,40,69,0.4318181818181818,1.0,Triangle
1.0,40,22,18,14,45,45,46,25,27,22,39,70,0.391304347826087,0.9782608695652174,Triangle
1.0,68,21,18,17,36,37,37,23,23,19,36,64,0.4864864864864865,1.0,Triangle
1.0,44,23,19,17,43,44,45,24,31,24,36,67,0.4222222222222222,0.9777777777777777,Triangle
1.0,37,22,17,15,33,33,37,25,24,23,41,68,0.4594594594594595,0.8918918918918919,Triangle
1.0,51,23,19,15,37,36,39,24,22,20,36,65,0.48717948717948717,0.9230769230769231,Triangle
1.0,39,22,17,16,35,36,37,25,22,23,36,67,0.4594594594594595,0.972972972972973,Triangle
1.0,51,22,18,19,32,35,39,22,27,24,38,68,0.46153846153846156,0.8974358974358975,Triangle
1.0,29,23,21,17,42,38,44,28,22,18,37,66,0.4772727272727273,0.8636363636363636,Triangle
1.0,18,20,19,16,44,42,46,28,19,20,38,64,0.41304347826086957,0.9130434782608695,Triangle
2.0,18,21,15,15,35,38,40,22,18,19,34,60,0.375,0.95,Triangle
2.0,16,22,18,20,31,32,32,21,18,19,35,61,0.5625,1.0,Triangle
2.0,18,23,19,23,32,37,40,23,19,22,37,59,0.475,0.925,Triangle
2.0,24,23,16,17,40,41,45,21,22,21,37,65,0.35555555555555557,0.9111111111111111,Triangle
2.0,52,22,16,9,41,41,45,19,16,17,33,60,0.35555555555555557,0.9111111111111111,Triangle
2.0,1,19,9,16,20,18,21,19,11,9,16,35,0.42857142857142855,0.8571428571428571,Triangle
1.0,14,22,18,17,37,20,38,24,17,19,35,64,0.47368421052631576,0.5263157894736842,Triangle
2.0,49,24,19,15,46,48,63,20,22,15,34,60,0.30158730158730157,0.7619047619047619,Triangle
2.0,15,22,17,10,37,38,42,19,21,18,35,59,0.40476190476190477,0.9047619047619048,Triangle
1.0,8,21,11,9,23,24,26,16,17,12,26,49,0.4230769230769231,0.9230769230769231,Triangle
1.0,5,20,10,8,22,23,24,14,15,11,22,42,0.4166666666666667,0.9583333333333334,Triangle
1.0,1,18,9,16,19,18,20,9,10,7,13,31,0.45,0.9,Triangle
2.0,28,22,18,16,45,47,62,19,21,17,33,62,0.2903225806451613,0.7580645161290323,Triangle
2.0,21,22,18,19,43,45,59,19,20,16,33,60,0.3050847457627119,0.7627118644067796,Triangle
2.0,20,21,18,19,34,37,39,22,17,15,33,59,0.46153846153846156,0.9487179487179487,Triangle
1.0,10,20,14,12,24,25,12,19,14,14,30,52,1.1666666666666667,2.0833333333333335,Inverted Triangle
1.0,7,19,11,9,13,22,9,15,13,13,20,45,1.2222222222222223,2.4444444444444446,Inverted Triangle
1.0,7,20,12,10,22,22,11,16,14,12,26,47,1.0909090909090908,2.0,Inverted Triangle
1.0,6,21,9,9,20,20,10,14,11,9,17,37,0.9,2.0,Triangle
1.0,7,20,12,9,11,23,9,14,17,23,20,41,1.3333333333333333,2.5555555555555554,Inverted Triangle
1.0,12,21,11,9,10,22,10,17,19,29,22,50,1.1,2.2,Inverted Triangle
1.0,10,21,12,9,10,22,12,15,18,24,25,44,1.0,1.8333333333333333,Rectangle
1.0,7,21,11,8,11,22,11,13,11,9,21,46,1.0,2.0,Rectangle
1.0,6,20,12,9,10,23,10,12,17,12,22,45,1.2,2.3,Inverted Triangle
1.0,7,21,13,11,10,21,10,13,17,12,22,45,1.3,2.1,Inverted Triangle
1.0,9,20,11,10,23,24,11,18,13,13,28,50,1.0,2.1818181818181817,Rectangle
1.0,6,20,9,9,20,20,10,14,11,9,17,37,0.9,2.0,Triangle
1.0,6,20,10,9,20,20,10,14,11,9,17,36,1.0,2.0,Rectangle
1.0,6,21,10,6,20,21,10,13,12,9,18,37,1.0,2.1,Rectangle
2.0,6,21,9,10,19,20,9,12,19,9,17,38,1.0,2.2222222222222223,Rectangle
2.0,6,20,9,10,22,21,10,12,18,12,18,39,0.9,2.1,Triangle
2.0,6,19,4,9,20,20,11,13,12,9,19,37,0.36363636363636365,1.8181818181818181,Triangle
2.0,6,20,5,10,20,20,10,14,11,9,17,36,0.5,2.0,Triangle
2.0,6,20,14,12,21,22,11,13,12,9,16,37,1.2727272727272727,2.0,Inverted Triangle
2.0,9,20,13,13,24,25,12,19,14,14,30,50,1.0833333333333333,2.0833333333333335,Inverted Triangle
2.0,7,21,9,9,20,22,12,20,13,9,31,51,0.75,1.8333333333333333,Triangle
2.0,6,20,9,9,20,20,10,14,11,9,17,37,0.9,2.0,Triangle
2.0,9,20,11,13,21,20,9,13,12,9,18,37,1.2222222222222223,2.2222222222222223,Inverted Triangle
2.0,10,22,14,12,24,24,13,18,14,14,35,50,1.0769230769230769,1.8461538461538463,Inverted Triangle
2.0,12,19,14,11,23,21,11,19,13,14,31,51,1.2727272727272727,1.9090909090909092,Inverted Triangle
2.0,11,19,13,12,20,22,11,18,14,9,32,50,1.1818181818181819,2.0,Inverted Triangle
2.0,10,20,13,11,21,20,10,19,13,9,35,55,1.3,2.0,Inverted Triangle
2.0,6,19,14,11,20,22,10,19,18,9,30,36,1.4,2.2,Inverted Triangle
1.0,10,19,19,11,21,13,10,15,12,14,22,43,1.9,1.3,Inverted Triangle
1.0,11,19,19,10,11,12,12,17,19,15,25,43,1.5833333333333333,1.0,Inverted Triangle
1.0,13,20,20,13,22,12,11,19,22,18,29,47,1.8181818181818181,1.0909090909090908,Inverted Triangle
1.0,12,20,19,13,21,12,11,19,21,18,29,46,1.7272727272727273,1.0909090909090908,Inverted Triangle
1.0,14,21,20,15,22,13,13,21,23,19,30,48,1.5384615384615385,1.0,Inverted Triangle
1.0,14,21,19,14,21,12,11,20,21,18,31,49,1.7272727272727273,1.0909090909090908,Inverted Triangle
1.0,15,22,19,13,20,11,10,19,20,17,17,46,1.9,1.1,Inverted Triangle
1.0,10,19,19,11,21,13,11,16,12,14,22,43,1.7272727272727273,1.1818181818181819,Inverted Triangle
2.0,10,19,18,12,22,12,12,15,12,14,21,43,1.5,1.0,Inverted Triangle
1.0,8,18,18,9,19,12,9,14,11,13,21,42,2.0,1.3333333333333333,Inverted Triangle
1.0,9,19,19,10,20,13,10,15,12,14,22,43,1.9,1.3,Inverted Triangle
2.0,6,22,9,10,18,21,22,14,11,23,24,39,0.4090909090909091,0.9545454545454546,Triangle
1.0,10,20,14,11,24,25,27,20,18,16,28,28,0.5185185185185185,0.9259259259259259,Triangle
1.0,8,19,13,11,21,22,24,17,15,19,21,43,0.5416666666666666,0.9166666666666666,Triangle
2.0,7,20,13,10,20,25,24,16,23,18,21,41,0.5416666666666666,1.0416666666666667,Triangle
2.0,8,20,13,10,22,23,24,18,19,17,25,44,0.5416666666666666,0.9583333333333334,Triangle
2.0,8,19,13,9,29,23,25,18,16,17,24,44,0.52,0.92,Triangle
1.0,9,20,13,11,24,24,25,18,15,17,26,47,0.52,0.96,Triangle
1.0,8,21,13,11,23,26,25,18,16,17,26,46,0.52,1.04,Triangle
1.0,8,18,11,9,20,12,24,17,15,16,23,44,0.4583333333333333,0.5,Triangle
2.0,10,20,14,10,26,26,28,18,16,16,28,48,0.5,0.9285714285714286,Triangle
2.0,8,22,12,9,20,23,23,18,13,17,23,44,0.5217391304347826,1.0,Triangle
2.0,10,24,13,10,25,27,26,20,16,15,26,47,0.5,1.0384615384615385,Triangle
2.0,8,21,11,10,22,23,26,17,15,15,27,48,0.4230769230769231,0.8846153846153846,Triangle
2.0,13,22,14,14,24,27,28,23,22,19,33,54,0.5,0.9642857142857143,Triangle
2.0,11,20,13,11,22,23,23,27,23,16,17,52,0.5652173913043478,1.0,Triangle
2.0,13,22,14,14,24,27,28,23,22,19,32,54,0.5,0.9642857142857143,Triangle
2.0,11,21,13,12,23,25,26,17,17,19,29,51,0.5,0.9615384615384616,Triangle
1.0,4,19,10,10,20,20,20,13,13,10,22,38,0.5,1.0,Triangle
1.0,11,21,14,12,22,24,25,18,17,28,28,45,0.56,0.96,Triangle
2.0,12,21,15,12,24,26,28,18,17,15,28,44,0.5357142857142857,0.9285714285714286,Triangle
2.0,4,20,10,10,20,20,20,13,13,10,22,38,0.5,1.0,Triangle
1.0,11,20,13,11,22,23,23,27,22,16,17,52,0.5652173913043478,1.0,Triangle
2.0,8,20,14,12,24,26,11,17,16,16,26,48,1.2727272727272727,2.3636363636363638,Inverted Triangle
1.0,15,22,14,14,27,28,23,22,19,23,13,54,0.6086956521739131,1.2173913043478262,Triangle
1.0,8,22,9,10,18,21,22,14,11,23,24,39,0.4090909090909091,0.9545454545454546,Triangle
2.0,10,24,13,10,25,27,26,20,16,15,26,47,0.5,1.0384615384615385,Triangle
2.0,10,20,14,11,21,23,11,17,19,15,25,46,1.2727272727272727,2.090909090909091,Inverted Triangle
2.0,7,20,13,10,20,25,24,16,23,18,21,44,0.5416666666666666,1.0416666666666667,Triangle
1.0,11,20,12,13,24,25,27,24,16,18,31,43,0.4444444444444444,0.9259259259259259,Triangle
2.0,9,20,10,13,22,10,12,23,15,13,26,45,0.8333333333333334,0.8333333333333334,Triangle
1.0,6,19,9,11,20,11,13,18,12,12,22,41,0.6923076923076923,0.8461538461538461,Triangle
1.0,6,21,10,12,22,9,12,19,13,12,23,43,0.8333333333333334,0.75,Triangle
1.0,7,16,10,11,20,10,14,20,11,13,25,43,0.7142857142857143,0.7142857142857143,Triangle
2.0,7,19,10,13,21,11,11,16,13,13,23,43,0.9090909090909091,1.0,Triangle
1.0,9,20,10,12,19,9,11,19,13,13,25,45,0.9090909090909091,0.8181818181818182,Triangle
2.0,8,20,10,13,19,10,14,19,11,12,25,42,0.7142857142857143,0.7142857142857143,Triangle
1.0,10,20,12,17,23,11,14,23,14,15,29,51,0.8571428571428571,0.7857142857142857,Triangle
1.0,9,21,10,12,21,12,13,21,13,14,26,46,0.7692307692307693,0.9230769230769231,Triangle
2.0,9,20,11,12,20,10,14,21,11,14,28,48,0.7857142857142857,0.7142857142857143,Triangle
1.0,12,20,12,12,21,12,13,24,13,15,28,49,0.9230769230769231,0.9230769230769231,Triangle
1.0,9,20,10,13,21,12,13,20,12,13,24,44,0.7692307692307693,0.9230769230769231,Triangle
1.0,7,21,11,13,22,12,11,21,12,12,24,44,1.0,1.0909090909090908,Rectangle
1.0,8,20,10,12,19,10,11,18,13,12,24,43,0.9090909090909091,0.9090909090909091,Triangle
1.0,5,20,9,12,19,10,12,18,12,19,20,39,0.75,0.8333333333333334,Triangle
1.0,5,19,9,11,20,11,10,17,12,11,22,39,0.9,1.1,Triangle
2.0,12,18,8,10,17,6,9,12,9,10,20,35,0.8888888888888888,0.6666666666666666,Hourglass
2.0,8,20,9,11,21,11,14,20,12,13,24,44,0.6428571428571429,0.7857142857142857,Triangle
1.0,10,20,12,17,23,11,17,23,14,15,29,42,0.7058823529411765,0.6470588235294118,Triangle
1.0,5,19,8,11,20,11,15,12,1,22,24,45,0.5333333333333333,0.7333333333333333,Triangle
2.0,10,20,11,15,21,12,13,22,13,15,28,48,0.8461538461538461,0.9230769230769231,Triangle
2.0,12,20,10,14,21,12,25,22,14,14,27,47,0.4,0.48,Triangle
2.0,13,20,11,16,21,14,14,22,14,15,30,52,0.7857142857142857,1.0,Triangle
2.0,12,19,10,14,21,11,14,17,13,14,27,46,0.7142857142857143,0.7857142857142857,Triangle
2.0,9,21,11,12,21,12,11,22,13,14,26,46,1.0,1.0909090909090908,Rectangle
2.0,6,19,10,12,20,10,10,21,12,11,22,38,1.0,1.0,Rectangle
1.0,3,19,8,11,19,7,13,18,10,9,18,32,0.6153846153846154,0.5384615384615384,Triangle
2.0,13,20,12,14,23,13,15,16,13,16,30,51,0.8,0.8666666666666667,Triangle
2.0,13,20,14,15,24,12,15,25,13,17,31,51,0.9333333333333333,0.8,Triangle
2.0,18,20,14,13,24,26,11,17,16,16,26,48,1.2727272727272727,2.3636363636363638,Inverted Triangle
1.0,11,20,14,13,23,23,13,17,19,17,26,33,1.0769230769230769,1.7692307692307692,Inverted Triangle
1.0,9,20,13,11,21,22,11,17,16,15,25,46,1.1818181818181819,2.0,Inverted Triangle
2.0,10,24,12,13,23,24,24,22,19,17,30,49,0.5,1.0,Triangle
2.0,10,20,14,11,21,23,11,17,22,15,25,46,1.2727272727272727,2.090909090909091,Inverted Triangle
2.0,13,22,14,14,24,27,28,23,18,19,33,54,0.5,0.9642857142857143,Triangle
1.0,10,24,12,13,23,24,24,22,23,17,30,49,0.5,1.0,Triangle
2.0,7,20,13,10,20,25,24,16,17,18,21,44,0.5416666666666666,1.0416666666666667,Triangle
2.0,11,21,13,12,23,25,26,17,16,19,29,51,0.5,0.9615384615384616,Triangle
2.0,18,20,14,13,24,26,11,17,16,16,26,48,1.2727272727272727,2.3636363636363638,Inverted Triangle
2.0,9,13,13,11,21,22,11,17,13,15,25,46,1.1818181818181819,2.0,Inverted Triangle
2.0,4,20,10,10,20,20,20,13,20,10,22,38,0.5,1.0,Triangle
2.0,10,20,14,11,21,23,27,26,16,16,15,48,0.5185185185185185,0.8518518518518519,Triangle
1.0,11,20,13,22,23,23,27,23,19,15,22,38,0.48148148148148145,0.8518518518518519,Triangle
2.0,10,20,14,11,21,25,11,17,17,15,25,46,1.2727272727272727,2.272727272727273,Inverted Triangle
2.0,11,21,13,12,23,25,26,17,23,19,29,51,0.5,0.9615384615384616,Triangle
2.0,7,20,13,10,20,18,24,16,14,18,21,44,0.5416666666666666,0.75,Triangle
1.0,6,22,9,10,10,23,21,22,19,11,23,39,0.42857142857142855,1.0952380952380953,Triangle
1.0,10,20,14,11,21,18,11,17,13,15,25,46,1.2727272727272727,1.6363636363636365,Inverted Triangle
1.0,8,19,19,10,20,24,20,13,16,16,22,38,0.95,1.2,Rectangle
2.0,10,24,12,13,23,27,22,18,22,17,20,49,0.5454545454545454,1.2272727272727273,Triangle
2.0,13,22,14,14,24,25,28,23,14,19,33,54,0.5,0.8928571428571429,Triangle
1.0,8,20,11,10,21,21,25,17,19,16,29,26,0.44,0.84,Triangle
1.0,8,21,12,11,21,22,24,17,16,18,26,47,0.5,0.9166666666666666,Triangle
2.0,9,20,13,11,21,12,11,17,15,15,25,46,1.1818181818181819,1.0909090909090908,Inverted Triangle
1.0,8,18,11,11,20,27,24,17,22,16,23,44,0.4583333333333333,1.125,Triangle
2.0,13,22,14,19,24,25,28,23,16,19,33,54,0.5,0.8928571428571429,Triangle
1.0,11,20,12,14,24,23,27,24,16,18,31,53,0.4444444444444444,0.8518518518518519,Triangle
2.0,11,20,13,13,22,23,27,23,16,17,32,52,0.48148148148148145,0.8518518518518519,Triangle
2.0,8,18,14,11,20,23,23,13,21,25,23,49,0.6086956521739131,1.0,Triangle
2.0,11,20,14,12,22,24,24,10,20,24,23,38,0.5833333333333334,1.0,Triangle
2.0,10,21,13,13,21,22,24,22,19,15,25,46,0.5416666666666666,0.9166666666666666,Triangle
2.0,8,21,19,12,21,21,23,13,21,25,23,49,0.8260869565217391,0.9130434782608695,Triangle
2.0,8,21,11,15,20,23,26,17,15,15,27,48,0.4230769230769231,0.8846153846153846,Triangle
2.0,4,19,10,10,20,20,20,13,13,10,22,38,0.5,1.0,Triangle
2.0,9,20,13,11,24,24,25,18,15,17,26,47,0.52,0.96,Triangle
1.0,4,19,10,10,20,20,20,13,13,10,22,38,0.5,1.0,Triangle
1.0,11,20,12,13,24,25,27,16,18,10,31,53,0.4444444444444444,0.9259259259259259,Triangle
1.0,2,20,13,10,20,25,24,16,23,18,21,44,0.5416666666666666,1.0416666666666667,Triangle
2.0,10,24,13,10,25,27,26,20,16,15,26,47,0.5,1.0384615384615385,Triangle
1.0,11,21,13,12,23,20,25,13,19,25,23,38,0.52,0.8,Triangle
1.0,13,20,19,15,22,20,26,18,15,10,25,49,0.7307692307692307,0.7692307692307693,Triangle
1.0,9,18,14,11,20,23,22,13,19,25,23,46,0.6363636363636364,1.0454545454545454,Triangle
2.0,10,20,11,15,20,23,27,22,19,15,27,47,0.4074074074074074,0.8518518518518519,Triangle
2.0,13,21,10,11,24,21,23,13,15,10,28,54,0.43478260869565216,0.9130434782608695,Triangle
2.0,12,21,15,12,27,22,24,14,16,11,27,56,0.625,0.9166666666666666,Triangle
1.0,9,20,13,11,21,22,11,17,16,15,25,46,1.1818181818181819,2.0,Inverted Triangle
1.0,11,19,10,11,24,25,20,17,18,10,22,38,0.5,1.25,Triangle
2.0,9,20,13,11,20,23,12,18,17,15,26,38,1.0833333333333333,1.9166666666666667,Inverted Triangle
1.0,8,20,12,10,24,24,11,13,13,11,22,47,1.0909090909090908,2.1818181818181817,Inverted Triangle
2.0,6,22,9,10,10,18,21,22,14,10,23,29,0.42857142857142855,0.8571428571428571,Triangle
1.0,11,21,13,12,20,16,20,16,19,15,27,29,0.65,0.8,Triangle
1.0,9,20,13,11,21,24,11,22,14,15,25,44,1.1818181818181819,2.1818181818181817,Inverted Triangle
2.0,12,21,15,12,24,26,28,18,17,24,28,47,0.5357142857142857,0.9285714285714286,Triangle
2.0,11,21,13,13,21,22,15,21,25,25,27,54,0.8666666666666667,1.4666666666666666,Triangle
1.0,8,22,9,10,18,21,22,19,26,15,27,44,0.4090909090909091,0.9545454545454546,Triangle
2.0,7,20,13,10,20,25,24,16,23,16,21,44,0.5416666666666666,1.0416666666666667,Triangle
1.0,8,18,11,9,20,12,24,17,15,16,23,44,0.4583333333333333,0.5,Triangle
1.0,6,21,6,19,19,23,23,20,14,17,20,37,0.2608695652173913,1.0,Triangle
1.0,5,21,5,9,18,21,21,19,12,13,23,41,0.23809523809523808,1.0,Triangle
2.0,4,20,11,11,22,22,22,16,12,12,22,39,0.5,1.0,Triangle
2.0,5,20,12,10,20,21,23,18,16,14,19,30,0.5217391304347826,0.9130434782608695,Triangle
2.0,6,20,11,10,21,21,20,20,13,13,22,32,0.55,1.05,Triangle
1.0,6,21,11,11,22,22,21,19,13,12,21,32,0.5238095238095238,1.0476190476190477,Triangle
2.0,7,21,11,11,20,22,23,18,12,11,22,30,0.4782608695652174,0.9565217391304348,Triangle
2.0,6,20,13,11,21,22,24,15,14,12,24,44,0.5416666666666666,0.9166666666666666,Triangle
1.0,4,20,11,10,20,20,21,18,10,12,19,37,0.5238095238095238,0.9523809523809523,Triangle
2.0,12,21,14,14,26,29,31,17,31,17,33,55,0.45161290322580644,0.9354838709677419,Triangle
2.0,5,19,11,11,22,22,22,15,15,12,24,44,0.5,1.0,Triangle
2.0,13,23,14,12,24,20,31,21,17,18,34,57,0.45161290322580644,0.6451612903225806,Triangle
2.0,14,21,14,13,23,24,26,21,12,18,33,57,0.5384615384615384,0.9230769230769231,Triangle
1.0,11,21,13,11,21,24,25,19,10,14,50,52,0.52,0.96,Triangle
2.0,12,21,12,11,24,20,28,20,10,16,13,53,0.42857142857142855,0.7142857142857143,Triangle
2.0,9,20,12,11,21,24,25,17,16,16,27,48,0.48,0.96,Triangle
2.0,5,21,10,10,21,22,24,12,11,12,23,32,0.4166666666666667,0.9166666666666666,Triangle
2.0,12,24,14,11,23,25,28,22,18,15,34,58,0.5,0.8928571428571429,Triangle
1.0,7,20,12,11,22,24,26,16,13,14,26,46,0.46153846153846156,0.9230769230769231,Triangle
1.0,6,20,12,11,22,24,24,16,15,14,27,45,0.5,1.0,Triangle
2.0,13,23,15,12,24,27,30,27,21,20,37,59,0.5,0.9,Triangle
2.0,11,20,12,11,23,24,26,17,15,14,29,49,0.46153846153846156,0.9230769230769231,Triangle
2.0,11,20,12,11,22,25,27,19,15,17,33,51,0.4444444444444444,0.9259259259259259,Triangle
1.0,4,20,11,11,22,22,22,16,12,12,22,39,0.5,1.0,Triangle
2.0,11,21,13,14,23,22,11,12,21,17,22,39,1.1818181818181819,2.0,Inverted Triangle
2.0,13,23,12,11,22,21,26,20,16,17,13,53,0.46153846153846156,0.8076923076923077,Triangle
2.0,15,5,13,23,22,11,16,16,14,18,50,52,0.8125,0.6875,Triangle
2.0,13,23,15,12,24,27,30,12,15,4,29,49,0.5,0.9,Triangle
2.0,11,20,12,11,22,25,29,19,18,12,24,44,0.41379310344827586,0.8620689655172413,Triangle
2.0,9,20,10,12,21,20,13,20,14,14,24,45,0.7692307692307693,1.5384615384615385,Triangle
2.0,8,16,11,13,20,21,14,19,12,14,24,44,0.7857142857142857,1.5,Triangle
2.0,9,20,12,13,19,13,14,21,12,15,26,46,0.8571428571428571,0.9285714285714286,Triangle
2.0,9,20,11,13,22,12,14,22,13,14,26,48,0.7857142857142857,0.8571428571428571,Triangle
2.0,8,19,10,12,20,12,12,20,13,13,24,45,0.8333333333333334,1.0,Triangle
1.0,4,19,10,12,21,11,11,17,11,11,21,38,0.9090909090909091,1.0,Triangle
1.0,4,20,9,11,19,10,10,18,13,10,18,38,0.9,1.0,Triangle
1.0,4,20,9,13,19,10,11,19,11,11,21,37,0.8181818181818182,0.9090909090909091,Triangle
2.0,3,19,9,10,18,10,11,16,10,11,20,36,0.8181818181818182,0.9090909090909091,Triangle
2.0,3,20,10,10,18,9,11,16,11,10,18,38,0.9090909090909091,0.8181818181818182,Triangle
2.0,3,19,10,11,19,9,11,17,11,11,20,38,0.9090909090909091,0.8181818181818182,Triangle
2.0,3,19,10,12,20,10,11,17,11,11,21,39,0.9090909090909091,0.9090909090909091,Triangle
1.0,3,20,8,11,20,9,10,15,10,10,17,36,0.8,0.9,Triangle
2.0,4,20,9,10,19,10,10,17,12,12,22,38,0.9,1.0,Triangle
2.0,4,20,9,12,19,9,11,17,12,11,21,37,0.8181818181818182,0.8181818181818182,Triangle
2.0,13,21,11,14,23,13,15,24,15,19,29,54,0.7333333333333333,0.8666666666666667,Triangle
2.0,14,21,14,15,25,12,16,27,14,16,30,53,0.875,0.75,Triangle
2.0,16,22,13,15,24,12,14,27,16,19,34,54,0.9285714285714286,0.8571428571428571,Triangle
2.0,15,20,13,15,24,13,13,24,15,16,24,54,1.0,1.0,Rectangle
1.0,17,21,13,16,27,14,17,26,15,19,34,55,0.7647058823529411,0.8235294117647058,Triangle
2.0,10,22,11,14,21,10,11,22,13,14,27,44,1.0,0.9090909090909091,Rectangle
2.0,15,21,13,14,24,13,14,25,14,16,32,53,0.9285714285714286,0.9285714285714286,Triangle
2.0,17,21,13,14,24,13,14,25,14,17,33,53,0.9285714285714286,0.9285714285714286,Triangle
2.0,16,21,13,15,26,13,16,25,16,16,30,52,0.8125,0.8125,Triangle
2.0,18,20,13,18,25,15,17,29,21,21,38,58,0.7647058823529411,0.8823529411764706,Triangle
2.0,19,19,13,21,29,16,18,29,19,19,35,58,0.7222222222222222,0.8888888888888888,Triangle
1.0,6,20,11,12,20,9,13,21,13,11,23,44,0.8461538461538461,0.6923076923076923,Hourglass
1.0,6,18,11,13,19,9,12,20,12,12,23,44,0.9166666666666666,0.75,Triangle
1.0,7,20,11,14,22,10,13,21,13,12,25,44,0.8461538461538461,0.7692307692307693,Triangle
1.0,5,19,10,10,21,20,9,13,13,11,21,39,1.1111111111111112,2.2222222222222223,Inverted Triangle
1.0,7,21,14,12,22,23,13,18,16,15,24,48,1.0769230769230769,1.7692307692307692,Inverted Triangle
1.0,6,20,11,10,22,22,12,17,14,15,23,43,0.9166666666666666,1.8333333333333333,Triangle
2.0,6,19,10,11,21,11,10,15,11,15,21,40,1.0,1.1,Rectangle
1.0,6,20,11,12,21,11,12,16,13,14,22,43,0.9166666666666666,0.9166666666666666,Triangle
2.0,8,20,13,11,23,13,13,17,15,15,23,44,1.0,1.0,Rectangle
2.0,6,20,11,10,20,11,10,16,13,14,21,41,1.1,1.1,Inverted Triangle
2.0,6,21,11,10,22,12,11,16,14,15,24,44,1.0,1.0909090909090908,Rectangle
2.0,7,21,14,12,23,13,12,17,15,16,27,48,1.1666666666666667,1.0833333333333333,Inverted Triangle
2.0,6,20,13,12,21,13,12,17,14,13,21,48,1.0833333333333333,1.0833333333333333,Inverted Triangle
2.0,7,20,12,13,22,13,12,18,15,15,24,48,1.0,1.0833333333333333,Rectangle
2.0,6,20,11,12,20,11,11,15,12,15,21,40,1.0,1.0,Rectangle
1.0,7,21,10,13,21,12,12,16,13,16,24,45,0.8333333333333334,1.0,Triangle
2.0,6,21,11,11,19,12,11,13,13,12,20,38,1.0,1.0909090909090908,Rectangle
2.0,7,20,11,12,23,13,13,16,14,14,22,43,0.8461538461538461,1.0,Triangle
2.0,7,21,12,12,20,12,12,17,13,15,21,45,1.0,1.0,Rectangle
1.0,7,20,10,13,23,12,13,17,13,16,23,45,0.7692307692307693,0.9230769230769231,Triangle
1.0,6,20,11,11,20,13,11,15,13,13,20,39,1.0,1.1818181818181819,Rectangle
2.0,5,20,12,12,20,12,11,15,13,13,19,39,1.0909090909090908,1.0909090909090908,Inverted Triangle
2.0,5,19,11,12,23,13,12,15,13,14,22,40,0.9166666666666666,1.0833333333333333,Triangle
1.0,5,20,10,11,21,11,11,15,12,12,20,39,0.9090909090909091,1.0,Triangle
1.0,6,21,12,11,20,12,11,15,12,14,22,41,1.0909090909090908,1.0909090909090908,Inverted Triangle
1.0,7,21,14,13,23,13,12,18,14,15,25,47,1.1666666666666667,1.0833333333333333,Inverted Triangle
1.0,11,20,11,12,23,13,12,19,17,17,26,50,0.9166666666666666,1.0833333333333333,Triangle
1.0,5,20,12,10,21,11,11,14,13,11,19,38,1.0909090909090908,1.0,Inverted Triangle
1.0,4,20,12,13,23,13,12,14,13,12,19,38,1.0,1.0833333333333333,Rectangle
1.0,5,20,11,10,10,11,10,13,10,13,22,41,1.1,1.1,Inverted Triangle
2.0,6,20,11,11,20,11,11,14,14,13,23,40,1.0,1.0,Rectangle
2.0,7,21,11,12,22,13,11,16,14,14,25,44,1.0,1.1818181818181819,Rectangle
2.0,8,23,13,10,23,11,13,17,14,16,27,49,1.0,0.8461538461538461,Rectangle
2.0,10,22,12,13,24,12,15,17,14,16,26,51,0.8,0.8,Triangle
2.0,10,22,11,12,22,11,14,16,15,14,23,48,0.7857142857142857,0.7857142857142857,Triangle
2.0,10,22,12,13,23,11,14,16,18,14,24,47,0.8571428571428571,0.7857142857142857,Triangle
2.0,11,22,14,13,24,12,14,19,18,14,25,52,1.0,0.8571428571428571,Rectangle
2.0,11,20,11,13,24,12,12,17,15,14,27,49,0.9166666666666666,1.0,Triangle
2.0,13,22,12,12,24,12,14,19,15,16,30,55,0.8571428571428571,0.8571428571428571,Triangle
2.0,11,21,13,13,24,10,14,18,16,11,27,52,0.9285714285714286,0.7142857142857143,Hourglass
2.0,12,22,13,14,26,12,17,20,18,14,29,53,0.7647058823529411,0.7058823529411765,Triangle
2.0,11,22,12,12,21,10,12,18,17,13,26,49,1.0,0.8333333333333334,Rectangle
1.0,13,20,15,13,23,13,16,17,16,14,28,49,0.9375,0.8125,Triangle
1.0,12,21,13,13,23,12,14,17,14,15,27,52,0.9285714285714286,0.8571428571428571,Triangle
1.0,10,21,14,12,23,12,12,18,15,15,25,49,1.1666666666666667,1.0,Inverted Triangle
1.0,13,21,14,14,23,14,13,20,17,17,31,54,1.0769230769230769,1.0769230769230769,Inverted Triangle
1.0,12,21,15,12,23,12,13,20,19,14,30,52,1.1538461538461537,0.9230769230769231,Inverted Triangle
1.0,11,20,12,12,23,10,11,19,15,15,26,48,1.0909090909090908,0.9090909090909091,Inverted Triangle
1.0,9,22,14,12,24,13,12,18,15,16,27,48,1.1666666666666667,1.0833333333333333,Inverted Triangle
1.0,10,21,14,11,24,10,17,18,17,13,26,54,0.8235294117647058,0.5882352941176471,Triangle
1.0,7,20,10,9,22,9,13,13,12,13,23,44,0.7692307692307693,0.6923076923076923,Triangle
2.0,8,21,11,11,21,10,13,15,13,11,24,45,0.8461538461538461,0.7692307692307693,Triangle
2.0,10,21,10,13,24,10,17,18,11,14,29,50,0.5882352941176471,0.5882352941176471,Triangle
1.0,13,21,15,11,22,10,16,19,13,15,30,55,0.9375,0.625,Hourglass
1.0,12,21,13,12,24,11,15,17,14,15,30,57,0.8666666666666667,0.7333333333333333,Hourglass
2.0,10,21,13,11,21,11,14,15,12,11,28,52,0.9285714285714286,0.7857142857142857,Triangle
2.0,7,21,11,9,20,9,10,13,10,9,24,44,1.1,0.9,Inverted Triangle
1.0,5,20,10,9,20,8,10,13,11,9,20,39,1.0,0.8,Rectangle
1.0,5,20,10,9,20,8,10,13,11,10,20,39,1.0,0.8,Rectangle
2.0,4,19,11,9,20,8,13,11,10,10,19,37,0.8461538461538461,0.6153846153846154,Hourglass
2.0,8,21,13,13,23,13,13,10,12,13,25,45,1.0,1.0,Rectangle
2.0,8,20,14,12,22,11,10,10,12,14,23,43,1.4,1.1,Inverted Triangle
2.0,10,21,13,13,23,12,11,20,13,15,24,44,1.1818181818181819,1.0909090909090908,Inverted Triangle
2.0,8,20,12,11,22,11,10,18,12,14,23,43,1.2,1.1,Inverted Triangle
2.0,8,21,13,11,22,11,11,16,12,14,23,43,1.1818181818181819,1.0,Inverted Triangle
2.0,7,20,11,11,20,10,10,14,10,11,21,40,1.1,1.0,Inverted Triangle
2.0,7,20,13,11,23,11,11,16,12,14,23,45,1.1818181818181819,1.0,Inverted Triangle
2.0,9,20,14,13,24,12,12,17,14,13,23,45,1.1666666666666667,1.0,Inverted Triangle
2.0,11,21,11,13,21,10,10,17,12,15,25,49,1.1,1.0,Inverted Triangle
2.0,10,20,13,12,21,12,12,16,13,13,24,46,1.0833333333333333,1.0,Inverted Triangle
2.0,11,22,11,14,23,12,12,18,17,12,26,49,0.9166666666666666,1.0,Triangle
2.0,13,21,12,13,24,12,11,18,16,16,27,50,1.0909090909090908,1.0909090909090908,Inverted Triangle
1.0,12,20,11,12,23,11,12,18,15,14,25,50,0.9166666666666666,0.9166666666666666,Triangle
1.0,12,19,13,12,23,12,12,18,15,16,26,51,1.0833333333333333,1.0,Inverted Triangle
1.0,12,21,14,13,22,12,12,17,16,14,27,50,1.1666666666666667,1.0,Inverted Triangle
1.0,12,19,10,14,23,12,12,18,17,13,25,51,0.8333333333333334,1.0,Triangle
1.0,11,20,11,12,23,11,11,17,15,13,29,47,1.0,1.0,Rectangle
1.0,14,20,11,13,24,10,11,18,16,12,20,49,1.0,0.9090909090909091,Rectangle
1.0,8,19,11,11,22,9,11,15,13,16,17,44,1.0,0.8181818181818182,Rectangle
1.0,5,20,10,11,22,8,8,13,18,13,19,36,1.25,1.0,Inverted Triangle
2.0,7,21,10,8,20,11,10,14,10,10,23,40,1.0,1.1,Rectangle
2.0,7,21,14,12,21,13,12,15,11,11,27,43,1.1666666666666667,1.0833333333333333,Inverted Triangle
2.0,7,21,14,12,23,13,12,17,15,14,26,48,1.1666666666666667,1.0833333333333333,Inverted Triangle
1.0,11,20,12,13,23,13,11,19,17,16,25,50,1.0909090909090908,1.1818181818181819,Inverted Triangle
1.0,7,21,11,12,23,11,12,18,14,17,21,47,0.9166666666666666,0.9166666666666666,Triangle
2.0,6,20,11,12,20,12,11,15,12,15,20,40,1.0,1.0909090909090908,Rectangle
1.0,7,19,10,13,21,12,12,16,13,14,25,38,0.8333333333333334,1.0,Triangle
1.0,8,22,10,11,20,20,12,17,14,12,21,47,0.8333333333333334,1.6666666666666667,Triangle
1.0,5,19,10,10,21,12,9,13,13,11,21,39,1.1111111111111112,1.3333333333333333,Inverted Triangle
1.0,8,20,12,11,23,13,13,17,15,13,21,41,0.9230769230769231,1.0,Triangle
2.0,6,20,13,11,21,22,24,15,14,12,24,44,0.5416666666666666,0.9166666666666666,Triangle
2.0,4,20,11,11,22,22,22,16,12,12,22,39,0.5,1.0,Triangle
1.0,12,20,13,12,23,26,27,19,16,20,25,49,0.48148148148148145,0.9629629629629629,Triangle
1.0,15,20,17,15,23,17,24,24,20,19,23,57,0.7083333333333334,0.7083333333333334,Triangle
1.0,13,20,12,15,22,24,25,17,17,20,32,50,0.48,0.96,Triangle
1.0,12,21,14,12,26,11,14,20,17,14,29,50,1.0,0.7857142857142857,Rectangle
1.0,11,20,13,11,22,12,14,18,19,13,25,49,0.9285714285714286,0.8571428571428571,Triangle
1.0,13,19,16,14,22,13,28,18,21,12,34,52,0.5714285714285714,0.4642857142857143,Triangle
2.0,7,20,12,11,23,23,23,20,17,15,24,43,0.5217391304347826,1.0,Triangle
2.0,5,20,11,10,21,21,23,19,13,13,21,39,0.4782608695652174,0.9130434782608695,Triangle
2.0,7,20,11,9,19,21,21,19,13,13,21,39,0.5238095238095238,1.0,Triangle
1.0,5,21,12,9,10,21,21,19,13,13,23,41,0.5714285714285714,1.0,Triangle
2.0,7,21,11,11,20,22,21,19,12,12,21,31,0.5238095238095238,1.0476190476190477,Triangle
2.0,6,20,11,10,21,21,20,20,15,13,22,32,0.55,1.05,Triangle
2.0,7,20,11,10,20,21,20,18,17,15,15,31,0.55,1.05,Triangle
2.0,5,21,12,12,21,21,26,21,13,20,20,40,0.46153846153846156,0.8076923076923077,Triangle
2.0,5,20,11,11,21,21,23,20,12,20,21,34,0.4782608695652174,0.9130434782608695,Triangle
2.0,6,21,13,11,20,22,24,17,12,21,22,39,0.5416666666666666,0.9166666666666666,Triangle
1.0,17,21,11,14,26,25,18,21,19,19,34,59,0.6111111111111112,1.3888888888888888,Triangle
2.0,5,21,15,11,22,23,23,17,15,13,22,43,0.6521739130434783,1.0,Triangle
1.0,13,21,8,12,22,14,29,27,22,16,25,23,0.27586206896551724,0.4827586206896552,Triangle
2.0,2,18,15,8,20,19,20,14,13,11,18,32,0.75,0.95,Triangle
1.0,10,20,12,12,22,14,29,27,22,16,25,23,0.41379310344827586,0.4827586206896552,Triangle
2.0,10,21,12,12,22,24,26,21,15,14,25,45,0.46153846153846156,0.9230769230769231,Triangle
2.0,13,22,6,14,25,18,30,21,20,16,33,59,0.2,0.6,Triangle
1.0,10,21,11,12,22,2,26,21,15,14,25,45,0.4230769230769231,0.07692307692307693,Triangle
1.0,4,20,17,11,22,22,22,17,12,12,22,40,0.7727272727272727,1.0,Triangle
1.0,13,20,15,14,25,18,30,21,20,16,33,59,0.5,0.6,Triangle
2.0,4,20,15,10,20,20,21,18,10,12,19,37,0.7142857142857143,0.9523809523809523,Triangle
